name,professor,description
유닉스시스템,이길흥,유닉스시스템입니다
컴퓨터네트워크,이길흥,컴퓨터네트워크입니다
고급웹프로그래밍,이길흥,고급웹프로그래밍입니다
웹프로그래밍,김재수,웹프로그래밍입니다
인공지능,김재수,인공지능입니다
운영체제,신용현,운영체제입니다
유닉스프로그래밍,신용현,유닉스프로그래밍입니다
임베디드소프트웨어,신용현,임베디드소프트웨어입니다
프로그래밍입문,박종혁,프로그래밍입문입니다
컴퓨터보안,박종혁,컴퓨터보안입니다
자료구조,이창훈,자료구조입니다
알고리즘,이창훈,알고리즘입니다
이산수학,이창훈,이산수학입니다
공학기초설계,이창훈,공학기초설계입니다
프로그래밍입문,차광호,프로그래밍입문입니다
윈도우프로그래밍,차광호,윈도우프로그래밍입니다
멀티미디어프로그래밍,차광호,멀티미디어프로그래밍입니다
데이터통신,권태수,데이터통신입니다
소프트웨어공학,권태수,소프트웨어공학입니다
프로그래밍입문,권태수,프로그래밍입문입니다
객체지향프로그래밍,한지형,객체지향프로그래밍입니다
컴퓨터그래픽스,강동완,컴퓨터그래픽스입니다
프로그래밍입문,강동완,프로그래밍입문입니다
시스템프로그래밍,강동완,시스템프로그래밍입니다
컴퓨터시스템구조,박래혁,컴퓨터시스템구조입니다
프로그래밍입문,박래혁,프로그래밍입문입니다
소프트웨어공학,김진대,소프트웨어공학입니다
컴파일러,김진대,컴파일러입니다
디지털논리,최성록,디지털논리입니다
오픈소스소프트웨어,최성록,오픈소스소프트웨어입니다
데이터베이스,최성록,데이터베이스입니다
객체지향프로그래밍,김성곤,객체지향프로그래밍입니다
컴퓨터공학개론,김성곤,컴퓨터공학개론입니다
컴퓨터공학개론,손기욱,컴퓨터공학개론입니다
캡스톤디자인,손기욱,캡스톤디자인입니다
객체지향프로그래밍,최현수,객체지향프로그래밍입니다
